-- phpMyAdmin SQL Dump
-- version 5.2.1
-- https://www.phpmyadmin.net/
--
-- Host: 127.0.0.1
-- Generation Time: Nov 03, 2023 at 06:26 AM
-- Server version: 10.4.28-MariaDB
-- PHP Version: 8.2.4

SET SQL_MODE = "NO_AUTO_VALUE_ON_ZERO";
START TRANSACTION;
SET time_zone = "+00:00";


/*!40101 SET @OLD_CHARACTER_SET_CLIENT=@@CHARACTER_SET_CLIENT */;
/*!40101 SET @OLD_CHARACTER_SET_RESULTS=@@CHARACTER_SET_RESULTS */;
/*!40101 SET @OLD_COLLATION_CONNECTION=@@COLLATION_CONNECTION */;
/*!40101 SET NAMES utf8mb4 */;

--
-- Database: `message_board`
--

-- Check if the database 'message_board' exists, and create it if not
CREATE DATABASE IF NOT EXISTS message_board;

-- Use the 'message_board' database
USE message_board;

-- --------------------------------------------------------

--
-- Table structure for table `deleted_messages`
--

CREATE TABLE `deleted_messages` (
  `id` int(11) NOT NULL,
  `message_id` int(11) NOT NULL,
  `user_id` int(11) NOT NULL,
  `created` datetime NOT NULL,
  `modified` datetime NOT NULL,
  `created_ip` text NOT NULL,
  `modified_ip` text NOT NULL
) ENGINE=InnoDB DEFAULT CHARSET=utf8mb4 COLLATE=utf8mb4_general_ci;

--
-- Dumping data for table `deleted_messages`
--

INSERT INTO `deleted_messages` (`id`, `message_id`, `user_id`, `created`, `modified`, `created_ip`, `modified_ip`) VALUES
(1, 204, 8, '2023-11-01 09:02:14', '2023-11-01 09:02:14', '', ''),
(3, 203, 8, '2023-11-01 09:25:31', '2023-11-01 09:25:31', '', ''),
(9, 205, 8, '2023-11-01 09:47:14', '2023-11-01 09:47:14', '', ''),
(10, 202, 8, '2023-11-02 00:52:04', '2023-11-02 00:52:04', '', ''),
(11, 201, 8, '2023-11-02 00:52:36', '2023-11-02 00:52:36', '', ''),
(12, 201, 8, '2023-11-02 00:52:41', '2023-11-02 00:52:41', '', ''),
(13, 205, 44, '2023-11-02 00:53:29', '2023-11-02 00:53:29', '', ''),
(14, 204, 44, '2023-11-02 00:54:17', '2023-11-02 00:54:17', '', ''),
(15, 203, 44, '2023-11-02 00:55:42', '2023-11-02 00:55:42', '', ''),
(16, 202, 44, '2023-11-02 00:56:02', '2023-11-02 00:56:02', '', ''),
(17, 201, 44, '2023-11-02 00:56:09', '2023-11-02 00:56:09', '', ''),
(18, 200, 44, '2023-11-02 00:56:34', '2023-11-02 00:56:34', '', ''),
(19, 200, 8, '2023-11-02 00:56:34', '2023-11-02 00:56:34', '', ''),
(20, 206, 44, '2023-11-02 01:12:02', '2023-11-02 01:12:02', '', ''),
(21, 206, 8, '2023-11-02 01:12:02', '2023-11-02 01:12:02', '', ''),
(22, 199, 44, '2023-11-02 01:13:15', '2023-11-02 01:13:15', '', ''),
(23, 199, 8, '2023-11-02 01:13:15', '2023-11-02 01:13:15', '', ''),
(24, 198, 44, '2023-11-02 01:14:12', '2023-11-02 01:14:12', '', ''),
(25, 198, 8, '2023-11-02 01:14:12', '2023-11-02 01:14:12', '', ''),
(26, 197, 44, '2023-11-02 01:15:07', '2023-11-02 01:15:07', '', ''),
(27, 197, 8, '2023-11-02 01:15:07', '2023-11-02 01:15:07', '', ''),
(28, 196, 8, '2023-11-02 01:15:41', '2023-11-02 01:15:41', '', ''),
(29, 196, 44, '2023-11-02 01:15:41', '2023-11-02 01:15:41', '', ''),
(30, 195, 8, '2023-11-02 01:18:42', '2023-11-02 01:18:42', '', ''),
(31, 195, 44, '2023-11-02 01:18:42', '2023-11-02 01:18:42', '', ''),
(32, 194, 8, '2023-11-02 01:19:22', '2023-11-02 01:19:22', '', ''),
(33, 194, 44, '2023-11-02 01:19:22', '2023-11-02 01:19:22', '', ''),
(34, 193, 8, '2023-11-02 01:19:35', '2023-11-02 01:19:35', '', ''),
(35, 193, 44, '2023-11-02 01:19:35', '2023-11-02 01:19:35', '', ''),
(36, 192, 44, '2023-11-02 01:20:14', '2023-11-02 01:20:14', '', ''),
(37, 192, 8, '2023-11-02 01:20:14', '2023-11-02 01:20:14', '', ''),
(38, 191, 8, '2023-11-02 01:24:04', '2023-11-02 01:24:04', '', ''),
(39, 191, 44, '2023-11-02 01:24:04', '2023-11-02 01:24:04', '', ''),
(40, 190, 44, '2023-11-02 01:24:34', '2023-11-02 01:24:34', '', ''),
(41, 190, 8, '2023-11-02 01:24:34', '2023-11-02 01:24:34', '', ''),
(42, 189, 8, '2023-11-02 01:25:18', '2023-11-02 01:25:18', '', ''),
(43, 189, 44, '2023-11-02 01:25:18', '2023-11-02 01:25:18', '', ''),
(44, 188, 8, '2023-11-02 01:29:46', '2023-11-02 01:29:46', '', ''),
(45, 188, 44, '2023-11-02 01:29:46', '2023-11-02 01:29:46', '', ''),
(46, 187, 8, '2023-11-02 01:29:59', '2023-11-02 01:29:59', '', ''),
(47, 187, 44, '2023-11-02 01:29:59', '2023-11-02 01:29:59', '', ''),
(48, 186, 8, '2023-11-02 01:30:24', '2023-11-02 01:30:24', '', ''),
(49, 186, 44, '2023-11-02 01:30:24', '2023-11-02 01:30:24', '', ''),
(50, 185, 8, '2023-11-02 01:31:35', '2023-11-02 01:31:35', '', ''),
(51, 185, 44, '2023-11-02 01:31:35', '2023-11-02 01:31:35', '', ''),
(52, 184, 8, '2023-11-02 01:33:21', '2023-11-02 01:33:21', '', ''),
(53, 184, 44, '2023-11-02 01:33:21', '2023-11-02 01:33:21', '', ''),
(54, 183, 8, '2023-11-02 01:34:33', '2023-11-02 01:34:33', '', ''),
(55, 183, 44, '2023-11-02 01:34:33', '2023-11-02 01:34:33', '', ''),
(56, 182, 8, '2023-11-02 01:35:07', '2023-11-02 01:35:07', '', ''),
(57, 182, 44, '2023-11-02 01:35:07', '2023-11-02 01:35:07', '', ''),
(58, 181, 8, '2023-11-02 01:36:01', '2023-11-02 01:36:01', '', ''),
(59, 181, 44, '2023-11-02 01:36:01', '2023-11-02 01:36:01', '', ''),
(60, 180, 44, '2023-11-02 01:37:13', '2023-11-02 01:37:13', '', ''),
(61, 180, 8, '2023-11-02 01:37:13', '2023-11-02 01:37:13', '', ''),
(62, 179, 8, '2023-11-02 01:37:38', '2023-11-02 01:37:38', '', ''),
(63, 179, 44, '2023-11-02 01:37:38', '2023-11-02 01:37:38', '', ''),
(64, 178, 44, '2023-11-02 01:38:06', '2023-11-02 01:38:06', '', ''),
(65, 178, 8, '2023-11-02 01:38:06', '2023-11-02 01:38:06', '', ''),
(66, 177, 8, '2023-11-02 01:39:05', '2023-11-02 01:39:05', '', ''),
(67, 177, 44, '2023-11-02 01:39:05', '2023-11-02 01:39:05', '', ''),
(68, 176, 8, '2023-11-02 01:39:31', '2023-11-02 01:39:31', '', ''),
(69, 176, 44, '2023-11-02 01:39:31', '2023-11-02 01:39:31', '', ''),
(70, 175, 44, '2023-11-02 04:01:02', '2023-11-02 04:01:02', '', ''),
(71, 175, 8, '2023-11-02 04:01:02', '2023-11-02 04:01:02', '', ''),
(72, 174, 8, '2023-11-02 04:01:56', '2023-11-02 04:01:56', '', ''),
(73, 174, 44, '2023-11-02 04:01:56', '2023-11-02 04:01:56', '', ''),
(74, 173, 8, '2023-11-02 04:02:01', '2023-11-02 04:02:01', '', ''),
(75, 211, 44, '2023-11-02 09:48:41', '2023-11-02 09:48:41', '', ''),
(76, 211, 8, '2023-11-02 09:48:41', '2023-11-02 09:48:41', '', ''),
(77, 210, 44, '2023-11-02 09:48:50', '2023-11-02 09:48:50', '', '');

-- --------------------------------------------------------

--
-- Table structure for table `messages`
--

CREATE TABLE `messages` (
  `id` int(11) NOT NULL,
  `from_user_id` int(11) NOT NULL,
  `to_user_id` int(11) NOT NULL,
  `message` text NOT NULL,
  `is_read` int(11) NOT NULL,
  `created` datetime NOT NULL,
  `modified` datetime NOT NULL,
  `created_ip` varchar(200) NOT NULL,
  `modified_ip` varchar(200) NOT NULL
) ENGINE=InnoDB DEFAULT CHARSET=utf8mb4 COLLATE=utf8mb4_general_ci;

--
-- Dumping data for table `messages`
--

INSERT INTO `messages` (`id`, `from_user_id`, `to_user_id`, `message`, `is_read`, `created`, `modified`, `created_ip`, `modified_ip`) VALUES
(1, 8, 9, 'test hello world', 0, '2023-10-24 10:47:16', '2023-10-24 10:47:16', '', ''),
(2, 9, 8, 'Hello Jaysohn', 0, '2023-10-30 02:17:18', '2023-10-30 02:17:18', '', ''),
(3, 8, 10, 'trdy', 0, '2023-10-30 03:47:31', '2023-10-30 03:47:31', '', ''),
(4, 8, 10, 'trdy', 0, '2023-10-30 03:47:31', '2023-10-30 03:47:31', '', ''),
(5, 8, 18, 'Test', 0, '2023-10-31 06:07:32', '2023-10-31 06:07:32', '', ''),
(6, 8, 18, 'Test Test Jayson Derulo', 0, '2023-10-31 06:08:15', '2023-10-31 06:08:15', '', ''),
(7, 8, 26, 'Hoy kigwa', 0, '2023-10-31 06:18:33', '2023-10-31 06:18:33', '', ''),
(8, 8, 26, 'Dai Badiday', 0, '2023-10-31 06:23:36', '2023-10-31 06:23:36', '', ''),
(9, 8, 26, 'Langga', 0, '2023-10-31 06:24:30', '2023-10-31 06:24:30', '', ''),
(10, 8, 26, 'Langga Husla ko 100', 0, '2023-10-31 06:56:03', '2023-10-31 06:56:03', '', ''),
(11, 8, 26, 'Hello Jessa, How are you ?', 0, '2023-10-31 07:20:14', '2023-10-31 07:20:14', '', ''),
(12, 8, 26, 'DDDD', 0, '2023-10-31 07:24:11', '2023-10-31 07:24:11', '', ''),
(13, 8, 26, 'sdfdsfsdfsdfds', 0, '2023-10-31 07:24:58', '2023-10-31 07:24:58', '', ''),
(14, 8, 26, 'Pssst. Iloveyou', 0, '2023-10-31 08:35:08', '2023-10-31 08:35:08', '', ''),
(15, 8, 26, 'Test', 0, '2023-10-31 08:38:41', '2023-10-31 08:38:41', '', ''),
(16, 8, 9, 'Hi, Good Evening!', 0, '2023-10-31 09:05:21', '2023-10-31 09:05:21', '', ''),
(17, 8, 9, 'Hotdog', 0, '2023-10-31 09:10:30', '2023-10-31 09:10:30', '', ''),
(18, 44, 8, 'Kuha, How are you ?', 0, '2023-10-31 09:17:59', '2023-10-31 09:17:59', '', ''),
(19, 8, 44, 'I\'m fine', 0, '2023-10-31 09:20:53', '2023-10-31 09:20:53', '', ''),
(20, 44, 8, 'Ok', 0, '2023-10-31 09:23:20', '2023-10-31 09:23:20', '', ''),
(21, 8, 44, 'What are you doing?', 0, '2023-10-31 09:27:33', '2023-10-31 09:27:33', '', ''),
(22, 44, 8, 'Coding how bout you ?', 0, '2023-10-31 09:28:21', '2023-10-31 09:28:21', '', ''),
(23, 8, 44, 'Nothing, I\'m hungry', 0, '2023-10-31 09:29:46', '2023-10-31 09:29:46', '', ''),
(24, 44, 8, 'Let\'s eat', 0, '2023-10-31 09:31:49', '2023-10-31 09:31:49', '', ''),
(25, 8, 44, 'come on', 0, '2023-10-31 09:35:51', '2023-10-31 09:35:51', '', ''),
(26, 44, 8, 'test', 0, '2023-10-31 09:36:21', '2023-10-31 09:36:21', '', ''),
(27, 44, 8, 'test', 0, '2023-10-31 09:36:27', '2023-10-31 09:36:27', '', ''),
(28, 8, 44, 'Hey', 0, '2023-10-31 09:44:22', '2023-10-31 09:44:22', '', ''),
(29, 8, 44, 'Pre', 0, '2023-10-31 09:47:00', '2023-10-31 09:47:00', '', ''),
(30, 44, 8, 'oi pre', 0, '2023-10-31 09:47:09', '2023-10-31 09:47:09', '', ''),
(31, 8, 44, 'wazzap', 0, '2023-10-31 09:47:28', '2023-10-31 09:47:28', '', ''),
(32, 44, 8, 'hey', 0, '2023-10-31 09:47:37', '2023-10-31 09:47:37', '', ''),
(33, 8, 44, 'Chan you there?', 0, '2023-10-31 09:52:08', '2023-10-31 09:52:08', '', ''),
(34, 8, 44, 'The day I love you', 0, '2023-10-31 09:56:53', '2023-10-31 09:56:53', '', ''),
(35, 8, 44, 'Test', 0, '2023-10-31 09:57:16', '2023-10-31 09:57:16', '', ''),
(36, 8, 44, 'sdfs', 0, '2023-10-31 09:57:55', '2023-10-31 09:57:55', '', ''),
(37, 8, 44, 'sfd', 0, '2023-10-31 09:58:23', '2023-10-31 09:58:23', '', ''),
(38, 44, 8, 'Ok', 0, '2023-10-31 10:01:34', '2023-10-31 10:01:34', '', ''),
(39, 8, 44, 'Filere', 0, '2023-10-31 10:01:55', '2023-10-31 10:01:55', '', ''),
(40, 44, 8, 'tEST', 0, '2023-10-31 10:04:01', '2023-10-31 10:04:01', '', ''),
(41, 8, 44, 'DIRECT', 0, '2023-10-31 10:04:26', '2023-10-31 10:04:26', '', ''),
(42, 8, 44, 'Test', 0, '2023-11-01 01:15:41', '2023-11-01 01:15:41', '', ''),
(43, 8, 44, 'sfdsf', 0, '2023-11-01 01:16:58', '2023-11-01 01:16:58', '', ''),
(44, 8, 9, 'Test', 0, '2023-11-01 01:17:28', '2023-11-01 01:17:28', '', ''),
(45, 8, 9, 'cvcxvcxv', 0, '2023-11-01 01:17:39', '2023-11-01 01:17:39', '', ''),
(46, 8, 44, 'Chan', 0, '2023-11-01 01:20:29', '2023-11-01 01:20:29', '', ''),
(47, 8, 44, 'Dog', 0, '2023-11-01 01:21:29', '2023-11-01 01:21:29', '', ''),
(48, 8, 44, 'CHanak', 0, '2023-11-01 01:21:48', '2023-11-01 01:21:48', '', ''),
(49, 8, 44, 'sdfdsf', 0, '2023-11-01 01:22:55', '2023-11-01 01:22:55', '', ''),
(50, 8, 44, 'hapa', 0, '2023-11-01 01:23:06', '2023-11-01 01:23:06', '', ''),
(51, 8, 44, 'Hey Mother fucker', 0, '2023-11-01 01:24:01', '2023-11-01 01:24:01', '', ''),
(52, 8, 44, 'Your face is batig nwong', 0, '2023-11-01 01:24:25', '2023-11-01 01:24:25', '', ''),
(53, 8, 44, 'Hey dude', 0, '2023-11-01 01:27:56', '2023-11-01 01:27:56', '', ''),
(54, 8, 44, 'Hey dude', 0, '2023-11-01 01:27:59', '2023-11-01 01:27:59', '', ''),
(55, 8, 44, 'Hey dude', 0, '2023-11-01 01:28:43', '2023-11-01 01:28:43', '', ''),
(56, 8, 44, 'sfdsf', 0, '2023-11-01 01:29:02', '2023-11-01 01:29:02', '', ''),
(57, 8, 44, 'sdfsdfdfgdfg', 0, '2023-11-01 01:31:40', '2023-11-01 01:31:40', '', ''),
(58, 8, 44, 'sdfsd', 0, '2023-11-01 01:35:39', '2023-11-01 01:35:39', '', ''),
(59, 8, 44, 'ddddd', 0, '2023-11-01 01:35:58', '2023-11-01 01:35:58', '', ''),
(60, 8, 44, 'sssss', 0, '2023-11-01 01:36:04', '2023-11-01 01:36:04', '', ''),
(61, 8, 44, 'sdfsf', 0, '2023-11-01 01:36:14', '2023-11-01 01:36:14', '', ''),
(62, 8, 44, 'l\'l;\'l\'l;\'', 0, '2023-11-01 01:36:31', '2023-11-01 01:36:31', '', ''),
(63, 8, 44, 'yyy', 0, '2023-11-01 01:36:51', '2023-11-01 01:36:51', '', ''),
(64, 8, 44, 'sddf', 0, '2023-11-01 01:38:03', '2023-11-01 01:38:03', '', ''),
(65, 8, 44, 'qq', 0, '2023-11-01 01:38:07', '2023-11-01 01:38:07', '', ''),
(66, 8, 44, 'www', 0, '2023-11-01 01:38:09', '2023-11-01 01:38:09', '', ''),
(67, 8, 44, 'eeeee', 0, '2023-11-01 01:38:11', '2023-11-01 01:38:11', '', ''),
(68, 8, 44, 'Hotdog', 0, '2023-11-01 01:38:28', '2023-11-01 01:38:28', '', ''),
(69, 8, 44, 'This', 0, '2023-11-01 01:38:57', '2023-11-01 01:38:57', '', ''),
(70, 8, 44, 'Hahahaha', 0, '2023-11-01 01:40:01', '2023-11-01 01:40:01', '', ''),
(71, 8, 44, 'ss', 0, '2023-11-01 01:40:43', '2023-11-01 01:40:43', '', ''),
(72, 8, 44, 'sss', 0, '2023-11-01 01:41:08', '2023-11-01 01:41:08', '', ''),
(73, 8, 44, 'tttt', 0, '2023-11-01 01:41:30', '2023-11-01 01:41:30', '', ''),
(74, 8, 44, 'Batig nwong', 0, '2023-11-01 01:43:31', '2023-11-01 01:43:31', '', ''),
(75, 8, 44, 'Ikaw tae', 0, '2023-11-01 01:43:37', '2023-11-01 01:43:37', '', ''),
(76, 8, 44, 'opaw', 0, '2023-11-01 01:43:51', '2023-11-01 01:43:51', '', ''),
(77, 8, 44, 'hotdog', 0, '2023-11-01 01:44:00', '2023-11-01 01:44:00', '', ''),
(78, 44, 8, 'Master', 0, '2023-11-01 01:52:14', '2023-11-01 01:52:14', '', ''),
(79, 44, 8, 'ssss', 0, '2023-11-01 01:52:34', '2023-11-01 01:52:34', '', ''),
(80, 44, 8, 'testst', 0, '2023-11-01 01:52:54', '2023-11-01 01:52:54', '', ''),
(81, 44, 8, 'sss', 0, '2023-11-01 01:53:33', '2023-11-01 01:53:33', '', ''),
(82, 44, 8, 'eee', 0, '2023-11-01 01:54:05', '2023-11-01 01:54:05', '', ''),
(83, 44, 8, 'sssss', 0, '2023-11-01 01:55:55', '2023-11-01 01:55:55', '', ''),
(84, 44, 8, 'sss', 0, '2023-11-01 01:56:27', '2023-11-01 01:56:27', '', ''),
(85, 44, 8, 'rrr', 0, '2023-11-01 01:56:49', '2023-11-01 01:56:49', '', ''),
(86, 44, 8, 'ssss', 0, '2023-11-01 01:57:42', '2023-11-01 01:57:42', '', ''),
(87, 44, 8, 'ss', 0, '2023-11-01 01:57:50', '2023-11-01 01:57:50', '', ''),
(88, 44, 8, 'sdfdsf', 0, '2023-11-01 01:58:10', '2023-11-01 01:58:10', '', ''),
(89, 44, 8, 'dfsdfsf', 0, '2023-11-01 01:58:28', '2023-11-01 01:58:28', '', ''),
(90, 44, 8, 'sdfds', 0, '2023-11-01 01:58:48', '2023-11-01 01:58:48', '', ''),
(91, 44, 8, 'HI', 0, '2023-11-01 01:59:33', '2023-11-01 01:59:33', '', ''),
(92, 8, 44, 'Hello', 0, '2023-11-01 01:59:46', '2023-11-01 01:59:46', '', ''),
(93, 44, 8, 'Okay', 0, '2023-11-01 01:59:58', '2023-11-01 01:59:58', '', ''),
(94, 44, 8, 'Kuya', 0, '2023-11-01 02:01:11', '2023-11-01 02:01:11', '', ''),
(95, 8, 44, 'Oh', 0, '2023-11-01 02:01:17', '2023-11-01 02:01:17', '', ''),
(96, 8, 26, 'Langga', 0, '2023-11-01 02:01:29', '2023-11-01 02:01:29', '', ''),
(97, 8, 26, 'asa karun', 0, '2023-11-01 02:01:39', '2023-11-01 02:01:39', '', ''),
(98, 8, 44, 'DOng christian', 0, '2023-11-01 02:01:57', '2023-11-01 02:01:57', '', ''),
(99, 44, 8, 'Unsa man kuha, Pahusla ko pang lukat requirements ya bi para trabaho', 0, '2023-11-01 02:04:19', '2023-11-01 02:04:19', '', ''),
(100, 8, 44, 'okay noted', 0, '2023-11-01 02:12:40', '2023-11-01 02:12:40', '', ''),
(101, 44, 8, 'Okay ra ya wala man kaha kay bayronon mga bills', 0, '2023-11-01 02:13:05', '2023-11-01 02:13:05', '', ''),
(102, 8, 44, 'Okay ra bayri lang nya ko if naa naka kwarta', 0, '2023-11-01 02:13:22', '2023-11-01 02:13:22', '', ''),
(103, 44, 8, 'Sure, Thanks', 0, '2023-11-01 02:14:00', '2023-11-01 02:14:00', '', ''),
(104, 44, 8, 'Hello', 0, '2023-11-01 02:15:10', '2023-11-01 02:15:10', '', ''),
(105, 8, 44, 'Lorem Ipsum is simply dummy text of the printing and typesetting industry. Lorem Ipsum has been the industry\'s standard dummy text ever since the 1500s, when an unknown printer took a galley of type and scrambled it to make a type specimen book. It has survived not only five centuries, but also the leap into electronic typesetting, remaining essentially unchanged. It was popularised in the 1960s with the release of Letraset sheets containing Lorem Ipsum passages, and more recently with desktop publishing software like Aldus PageMaker including versions of Lorem Ipsum.', 0, '2023-11-01 02:35:34', '2023-11-01 02:35:34', '', ''),
(106, 44, 8, 'test', 0, '2023-11-01 03:53:51', '2023-11-01 03:53:51', '', ''),
(107, 8, 44, 'sdf', 0, '2023-11-01 03:54:04', '2023-11-01 03:54:04', '', ''),
(108, 8, 44, 'cxvvx', 0, '2023-11-01 03:54:20', '2023-11-01 03:54:20', '', ''),
(109, 8, 44, 'ss', 0, '2023-11-01 03:55:13', '2023-11-01 03:55:13', '', ''),
(110, 8, 44, 'dsfds', 0, '2023-11-01 03:55:28', '2023-11-01 03:55:28', '', ''),
(111, 8, 44, 'sdfds', 0, '2023-11-01 03:55:41', '2023-11-01 03:55:41', '', ''),
(112, 8, 44, 'aaa', 0, '2023-11-01 03:55:49', '2023-11-01 03:55:49', '', ''),
(113, 8, 44, 'sss', 0, '2023-11-01 03:56:01', '2023-11-01 03:56:01', '', ''),
(114, 8, 44, 'aaa', 0, '2023-11-01 03:58:14', '2023-11-01 03:58:14', '', ''),
(115, 8, 44, 'ss', 0, '2023-11-01 03:59:29', '2023-11-01 03:59:29', '', ''),
(116, 44, 8, 'Lorem Ipsum is simply dummy text of the printing and typesetting industry. Lorem Ipsum has been the industry\'s standard dummy text ever since the 1500s, when an unknown printer took a galley of type and scrambled it to make a type specimen book. It has survived not only five centuries, but also the leap into electronic typesetting, remaining essentially unchanged. It was popularised in the 1960s with the release of Letraset sheets containing Lorem Ipsum passages, and more recently with desktop publishing software like Aldus PageMaker including versions of Lorem Ipsum', 0, '2023-11-01 04:00:28', '2023-11-01 04:00:28', '', ''),
(117, 44, 8, 'Test', 0, '2023-11-01 04:01:05', '2023-11-01 04:01:05', '', ''),
(118, 44, 8, 'hello', 0, '2023-11-01 04:01:15', '2023-11-01 04:01:15', '', ''),
(119, 44, 8, 'ssss', 0, '2023-11-01 04:01:18', '2023-11-01 04:01:18', '', ''),
(120, 8, 44, 'xxxx', 0, '2023-11-01 04:01:32', '2023-11-01 04:01:32', '', ''),
(121, 8, 44, 'xx', 0, '2023-11-01 04:37:18', '2023-11-01 04:37:18', '', ''),
(122, 8, 44, 'sdfd', 0, '2023-11-01 04:37:55', '2023-11-01 04:37:55', '', ''),
(123, 8, 44, 'sdfsdf', 0, '2023-11-01 04:38:20', '2023-11-01 04:38:20', '', ''),
(124, 44, 8, 'Yes Kuya', 0, '2023-11-01 05:00:46', '2023-11-01 05:00:46', '', ''),
(125, 44, 8, 'Lorem Ipsum is simply dummy text of the printing and typesetting industry. Lorem Ipsum has been the industry\'s standard dummy text ever since the 1500s, when an unknown printer took a galley of type and scrambled it to make a type specimen book. It has survived not only five centuries, but also the leap into electronic typesetting, remaining essentially unchanged. It was popularised in the 1960s with the release of Letraset sheets containing Lorem Ipsum passages, and more recently with desktop publishing software like Aldus PageMaker including versions of Lorem Ipsum', 0, '2023-11-01 05:01:02', '2023-11-01 05:01:02', '', ''),
(126, 44, 8, 'Opaw Gwapo', 0, '2023-11-01 05:15:03', '2023-11-01 05:15:03', '', ''),
(127, 8, 44, 'sss', 0, '2023-11-01 05:42:16', '2023-11-01 05:42:16', '', ''),
(128, 44, 8, 'hey', 0, '2023-11-01 05:46:57', '2023-11-01 05:46:57', '', ''),
(129, 44, 8, 'WTF, Hello mother fucker', 0, '2023-11-01 05:47:10', '2023-11-01 05:47:10', '', ''),
(130, 44, 8, 'test', 0, '2023-11-01 05:47:18', '2023-11-01 05:47:18', '', ''),
(131, 8, 44, 'ddd', 0, '2023-11-01 05:48:35', '2023-11-01 05:48:35', '', ''),
(132, 8, 44, 'sdfs', 0, '2023-11-01 05:48:45', '2023-11-01 05:48:45', '', ''),
(133, 8, 44, 'sss', 0, '2023-11-01 05:49:20', '2023-11-01 05:49:20', '', ''),
(134, 8, 44, 'ddd', 0, '2023-11-01 05:54:41', '2023-11-01 05:54:41', '', ''),
(135, 8, 44, 'sss', 0, '2023-11-01 05:55:14', '2023-11-01 05:55:14', '', ''),
(136, 8, 44, 'ddd', 0, '2023-11-01 05:56:04', '2023-11-01 05:56:04', '', ''),
(137, 8, 44, 'ff', 0, '2023-11-01 05:56:16', '2023-11-01 05:56:16', '', ''),
(138, 8, 44, 'gfgf', 0, '2023-11-01 05:56:21', '2023-11-01 05:56:21', '', ''),
(139, 8, 44, 'mm', 0, '2023-11-01 05:57:24', '2023-11-01 05:57:24', '', ''),
(140, 8, 44, 'sss', 0, '2023-11-01 05:58:00', '2023-11-01 05:58:00', '', ''),
(141, 8, 44, 'fksdf\nsfldsfksdjfsld', 0, '2023-11-01 05:58:36', '2023-11-01 05:58:36', '', ''),
(142, 8, 44, 'ddfgf', 0, '2023-11-01 05:59:00', '2023-11-01 05:59:00', '', ''),
(143, 8, 44, 'testetse', 0, '2023-11-01 06:01:13', '2023-11-01 06:01:13', '', ''),
(144, 8, 44, 'sfdsfsd', 0, '2023-11-01 06:01:17', '2023-11-01 06:01:17', '', ''),
(145, 44, 8, 'Hotdog', 0, '2023-11-01 06:01:40', '2023-11-01 06:01:40', '', ''),
(146, 44, 8, 'sdfsdf', 0, '2023-11-01 06:01:47', '2023-11-01 06:01:47', '', ''),
(147, 44, 8, 'ssddfdf', 0, '2023-11-01 06:01:55', '2023-11-01 06:01:55', '', ''),
(148, 44, 8, 'tests', 0, '2023-11-01 06:02:08', '2023-11-01 06:02:08', '', ''),
(149, 8, 44, 'dsfsds', 0, '2023-11-01 06:02:19', '2023-11-01 06:02:19', '', ''),
(150, 8, 44, 'sdfdsfsd', 0, '2023-11-01 06:02:23', '2023-11-01 06:02:23', '', ''),
(151, 8, 44, 'What the', 0, '2023-11-01 06:05:50', '2023-11-01 06:05:50', '', ''),
(152, 8, 44, 'test', 0, '2023-11-01 06:08:12', '2023-11-01 06:08:12', '', ''),
(153, 8, 44, 'sfdsfs', 0, '2023-11-01 06:08:44', '2023-11-01 06:08:44', '', ''),
(154, 8, 44, 'eeee', 0, '2023-11-01 06:08:48', '2023-11-01 06:08:48', '', ''),
(155, 8, 44, 'testestsetst', 0, '2023-11-01 06:10:05', '2023-11-01 06:10:05', '', ''),
(156, 8, 44, 'Thank you for the suppport', 0, '2023-11-01 06:12:50', '2023-11-01 06:12:50', '', ''),
(157, 8, 44, 'Chan d', 0, '2023-11-01 06:17:28', '2023-11-01 06:17:28', '', ''),
(158, 8, 44, 'dgdfgfdg', 0, '2023-11-01 06:19:27', '2023-11-01 06:19:27', '', ''),
(159, 8, 44, 'sfdsfsdfdsfsd', 0, '2023-11-01 06:20:47', '2023-11-01 06:20:47', '', ''),
(160, 8, 44, 'testestestestse', 0, '2023-11-01 06:22:05', '2023-11-01 06:22:05', '', ''),
(161, 8, 44, 'hotdog', 0, '2023-11-01 06:22:31', '2023-11-01 06:22:31', '', ''),
(162, 8, 44, 'hahahaha', 0, '2023-11-01 06:23:24', '2023-11-01 06:23:24', '', ''),
(163, 8, 44, 'hahahahahaha hapa', 0, '2023-11-01 06:25:15', '2023-11-01 06:25:15', '', ''),
(164, 8, 44, 'testestsetset', 0, '2023-11-01 06:25:33', '2023-11-01 06:25:33', '', ''),
(165, 8, 44, 'sdfsdfsdfds', 0, '2023-11-01 06:27:36', '2023-11-01 06:27:36', '', ''),
(166, 8, 44, 'sdfdsfdsf', 0, '2023-11-01 06:29:49', '2023-11-01 06:29:49', '', ''),
(167, 8, 44, 'Testestestsdsfdfgfhf', 0, '2023-11-01 06:37:23', '2023-11-01 06:37:23', '', ''),
(168, 8, 44, 'sdfdsfds', 0, '2023-11-01 06:38:05', '2023-11-01 06:38:05', '', ''),
(169, 8, 44, 'sdfdsfsdfs', 0, '2023-11-01 06:38:41', '2023-11-01 06:38:41', '', ''),
(170, 8, 44, 'dsfsdfsdf', 0, '2023-11-01 06:39:13', '2023-11-01 06:39:13', '', ''),
(171, 8, 44, 'sfsdfdsfdsfdsfsd', 0, '2023-11-01 06:40:01', '2023-11-01 06:40:01', '', ''),
(172, 8, 44, 'Hello Jayson', 0, '2023-11-01 06:40:33', '2023-11-01 06:40:33', '', ''),
(173, 8, 44, 'dfdfdf', 0, '2023-11-01 06:41:08', '2023-11-01 06:41:08', '', ''),
(174, 8, 44, 'fsfsdfdsfsdfsd', 0, '2023-11-01 06:41:37', '2023-11-01 06:41:37', '', ''),
(175, 8, 44, 'sdfdsfsdf', 0, '2023-11-01 06:49:36', '2023-11-01 06:49:36', '', ''),
(176, 8, 44, 'sfdsfsdfds', 0, '2023-11-01 06:50:45', '2023-11-01 06:50:45', '', ''),
(177, 8, 44, 'sdfsfsdf', 0, '2023-11-01 06:51:17', '2023-11-01 06:51:17', '', ''),
(178, 8, 44, 'sdsdffsdfdsfsdfsdfdsfdsJayson', 0, '2023-11-01 06:51:44', '2023-11-01 06:51:44', '', ''),
(179, 8, 44, 'sfdsfsdfdsf', 0, '2023-11-01 06:52:18', '2023-11-01 06:52:18', '', ''),
(180, 8, 44, 'sdfdsfdsfsdf-------------', 0, '2023-11-01 06:52:53', '2023-11-01 06:52:53', '', ''),
(181, 8, 44, 'sdfdsfsdf234234324324', 0, '2023-11-01 06:55:29', '2023-11-01 06:55:29', '', ''),
(182, 8, 44, 'sdfsdfsdfsdfdsfsd', 0, '2023-11-01 06:55:56', '2023-11-01 06:55:56', '', ''),
(183, 8, 44, 'sdfdsfdsfdsf', 0, '2023-11-01 07:01:07', '2023-11-01 07:01:07', '', ''),
(184, 8, 44, 'ddsfdsfsd', 0, '2023-11-01 07:01:39', '2023-11-01 07:01:39', '', ''),
(185, 8, 44, 'sdfsdfdsfsd', 0, '2023-11-01 07:02:21', '2023-11-01 07:02:21', '', ''),
(186, 8, 44, 'sfsdfsdfsd', 0, '2023-11-01 07:02:53', '2023-11-01 07:02:53', '', ''),
(187, 8, 44, 'sdfdsfsdf', 0, '2023-11-01 07:03:06', '2023-11-01 07:03:06', '', ''),
(188, 8, 44, 'sdfdsfsdfdsfsd', 0, '2023-11-01 07:06:41', '2023-11-01 07:06:41', '', ''),
(189, 8, 44, 'sdfsdfdsfdsf', 0, '2023-11-01 07:07:16', '2023-11-01 07:07:16', '', ''),
(190, 8, 44, 'ddddd', 0, '2023-11-01 07:08:26', '2023-11-01 07:08:26', '', ''),
(191, 8, 44, 'Te Jayson Jadraque', 0, '2023-11-01 07:11:22', '2023-11-01 07:11:22', '', ''),
(192, 8, 44, 'Budlat batig nwong', 0, '2023-11-01 07:11:43', '2023-11-01 07:11:43', '', ''),
(193, 44, 8, 'Hey', 0, '2023-11-01 07:12:17', '2023-11-01 07:12:17', '', ''),
(194, 44, 8, 'Testing', 0, '2023-11-01 07:12:30', '2023-11-01 07:12:30', '', ''),
(195, 44, 8, 'ssdd', 0, '2023-11-01 07:12:34', '2023-11-01 07:12:34', '', ''),
(196, 44, 8, 'Hotdog', 0, '2023-11-01 07:12:43', '2023-11-01 07:12:43', '', ''),
(197, 44, 8, 'test', 0, '2023-11-01 07:12:53', '2023-11-01 07:12:53', '', ''),
(198, 44, 8, 'sdfdsf', 0, '2023-11-01 07:14:58', '2023-11-01 07:14:58', '', ''),
(199, 44, 8, 'tteewwerewr', 0, '2023-11-01 07:15:03', '2023-11-01 07:15:03', '', ''),
(200, 44, 8, 'eeee', 0, '2023-11-01 07:15:10', '2023-11-01 07:15:10', '', ''),
(201, 8, 44, 'sssss', 0, '2023-11-01 07:16:41', '2023-11-01 07:16:41', '', ''),
(202, 8, 44, 'dsfdsfsdfsdfsdfsdfdsfdsfdsfwerewrewrewr', 0, '2023-11-01 07:17:31', '2023-11-01 07:17:31', '', ''),
(203, 44, 8, 'ssgd', 0, '2023-11-01 07:17:44', '2023-11-01 07:17:44', '', ''),
(204, 8, 44, 'eeewsdfsdfsd', 0, '2023-11-01 07:17:54', '2023-11-01 07:17:54', '', ''),
(205, 44, 8, 'Test', 0, '2023-11-01 09:45:36', '2023-11-01 09:45:36', '', ''),
(206, 8, 44, 'Hotdog', 0, '2023-11-02 00:56:26', '2023-11-02 00:56:26', '', ''),
(207, 8, 44, 'Lorem Ipsum is simply dummy text of the printing and typesetting industry. Lorem Ipsum has been the industry\'s standard dummy text ever since the 1500s, when an unknown printer took a galley of type and scrambled it to make a type specimen book. It has survived not only five centuries, but also the leap into electronic typesetting, remaining essentially unchanged. It was popularised in the 1960s with the release of Letraset sheets containing Lorem Ipsum passages, and more recently with desktop publishing software like Aldus PageMaker including versions of Lorem Ipsum.', 0, '2023-11-02 06:08:47', '2023-11-02 06:08:47', '', ''),
(208, 8, 44, 'Test', 0, '2023-11-02 07:57:13', '2023-11-02 07:57:13', '', ''),
(209, 8, 44, 'Test', 0, '2023-11-02 09:47:22', '2023-11-02 09:47:22', '', ''),
(210, 44, 8, 'Wazzap', 0, '2023-11-02 09:48:25', '2023-11-02 09:48:25', '', ''),
(211, 44, 8, 'Test', 0, '2023-11-02 09:48:36', '2023-11-02 09:48:36', '', ''),
(212, 45, 8, 'Tol', 0, '2023-11-02 09:52:01', '2023-11-02 09:52:01', '', ''),
(213, 45, 8, 'hey', 0, '2023-11-02 09:52:41', '2023-11-02 09:52:41', '', '');

-- --------------------------------------------------------

--
-- Table structure for table `users`
--

CREATE TABLE `users` (
  `id` int(11) NOT NULL,
  `email` varchar(200) NOT NULL,
  `password` text NOT NULL,
  `created_at` datetime NOT NULL,
  `updated_at` datetime NOT NULL,
  `last_login_at` datetime NOT NULL
) ENGINE=InnoDB DEFAULT CHARSET=utf8mb4 COLLATE=utf8mb4_general_ci;

--
-- Dumping data for table `users`
--

INSERT INTO `users` (`id`, `email`, `password`, `created_at`, `updated_at`, `last_login_at`) VALUES
(8, 'fdc.jaysonj@gmail.com', '33d744dd35daa7dfdc9bf1294d7d42cec43b752f', '2023-10-25 07:59:30', '2023-10-27 07:30:40', '2023-11-03 01:16:52'),
(9, 'jayson@gmail.com', '21126df9dd56e13909832d8d93ce28e4c96bc1ae', '2023-10-25 08:03:41', '0000-00-00 00:00:00', '0000-00-00 00:00:00'),
(10, 'fdc1.jaysonj@gmail.com', '21126df9dd56e13909832d8d93ce28e4c96bc1ae', '2023-10-25 07:36:03', '0000-00-00 00:00:00', '0000-00-00 00:00:00'),
(11, 'fdc111.jaysonj@gmail.com', '21126df9dd56e13909832d8d93ce28e4c96bc1ae', '2023-10-25 07:36:33', '0000-00-00 00:00:00', '0000-00-00 00:00:00'),
(12, 'jayson11@gmail.com', '21126df9dd56e13909832d8d93ce28e4c96bc1ae', '2023-10-25 07:40:49', '0000-00-00 00:00:00', '0000-00-00 00:00:00'),
(13, 'sdfs@gmail.com', '21126df9dd56e13909832d8d93ce28e4c96bc1ae', '2023-10-25 08:14:19', '0000-00-00 00:00:00', '0000-00-00 00:00:00'),
(14, 'fdcwww1.jaysonj@gmail.com', '21126df9dd56e13909832d8d93ce28e4c96bc1ae', '2023-10-25 08:15:34', '0000-00-00 00:00:00', '0000-00-00 00:00:00'),
(15, 'fdc.j32222224aysonj@gmail.com', '21126df9dd56e13909832d8d93ce28e4c96bc1ae', '2023-10-25 08:25:30', '0000-00-00 00:00:00', '0000-00-00 00:00:00'),
(16, 'fdcqqq.jaysonj@gmail.com', '5860a5dde472bbfdfe455b2ab2fb4eb1007aaddf', '2023-10-25 08:26:10', '0000-00-00 00:00:00', '0000-00-00 00:00:00'),
(17, 'jaysonee@gmail.com', '9c6c8b3a4ba13af2b9c6d8ae2a2ef4ded79876be', '2023-10-25 08:26:33', '0000-00-00 00:00:00', '0000-00-00 00:00:00'),
(18, 'jayson111ee@gmail.com', '21126df9dd56e13909832d8d93ce28e4c96bc1ae', '2023-10-25 08:41:12', '0000-00-00 00:00:00', '0000-00-00 00:00:00'),
(19, 'jayswerewrewron@gmail.com', '8db6fa206d999335d5294bd9f644c184b72c88f1', '2023-10-25 08:42:16', '0000-00-00 00:00:00', '0000-00-00 00:00:00'),
(20, 'jaysonsssssss@gmail.com', '3c358a653b258670c789a35d3168b1ed217ceddc', '2023-10-25 08:56:54', '0000-00-00 00:00:00', '0000-00-00 00:00:00'),
(21, 'fsdf@gmail.com', '44553bc0deda840594171768bee709917d4b4b3c', '2023-10-25 09:02:33', '0000-00-00 00:00:00', '0000-00-00 00:00:00'),
(22, 'sfsdf@gmail.com', '9afeb89cf14b85b2f9663912af602088c1469787', '2023-10-25 09:03:07', '0000-00-00 00:00:00', '0000-00-00 00:00:00'),
(23, '', '', '2023-10-26 09:34:11', '0000-00-00 00:00:00', '0000-00-00 00:00:00'),
(24, '', '', '2023-10-26 09:34:25', '0000-00-00 00:00:00', '0000-00-00 00:00:00'),
(25, '', '', '2023-10-26 09:37:32', '0000-00-00 00:00:00', '0000-00-00 00:00:00'),
(26, 'jessa@gmail.com', '773bef96adefec5d44b0377fa9bc1e8aa8065572', '2023-10-27 03:55:52', '2023-10-27 06:02:59', '2023-10-27 05:46:47'),
(27, 'jessa1@gmail.com', '', '2023-10-27 06:25:45', '0000-00-00 00:00:00', '0000-00-00 00:00:00'),
(28, '', '21126df9dd56e13909832d8d93ce28e4c96bc1ae', '2023-10-27 06:32:58', '0000-00-00 00:00:00', '0000-00-00 00:00:00'),
(33, 'test@gmail.com', '21126df9dd56e13909832d8d93ce28e4c96bc1ae', '2023-10-27 07:14:17', '0000-00-00 00:00:00', '0000-00-00 00:00:00'),
(34, '', '33d744dd35daa7dfdc9bf1294d7d42cec43b752f', '2023-10-27 07:22:44', '0000-00-00 00:00:00', '0000-00-00 00:00:00'),
(35, '', '33d744dd35daa7dfdc9bf1294d7d42cec43b752f', '2023-10-27 07:23:20', '0000-00-00 00:00:00', '0000-00-00 00:00:00'),
(36, '', '33d744dd35daa7dfdc9bf1294d7d42cec43b752f', '2023-10-27 07:24:55', '0000-00-00 00:00:00', '0000-00-00 00:00:00'),
(37, '', '33d744dd35daa7dfdc9bf1294d7d42cec43b752f', '2023-10-27 07:25:43', '0000-00-00 00:00:00', '0000-00-00 00:00:00'),
(38, '', '33d744dd35daa7dfdc9bf1294d7d42cec43b752f', '2023-10-27 07:27:02', '0000-00-00 00:00:00', '0000-00-00 00:00:00'),
(39, '', '8ebb07b54591a9cac58e947648f5c1b46fe57f79', '2023-10-27 07:27:36', '0000-00-00 00:00:00', '0000-00-00 00:00:00'),
(40, '', '8ebb07b54591a9cac58e947648f5c1b46fe57f79', '2023-10-27 07:27:49', '0000-00-00 00:00:00', '0000-00-00 00:00:00'),
(41, '', '8ebb07b54591a9cac58e947648f5c1b46fe57f79', '2023-10-27 07:28:12', '0000-00-00 00:00:00', '0000-00-00 00:00:00'),
(42, 'testest@gmail.com', '773bef96adefec5d44b0377fa9bc1e8aa8065572', '2023-10-27 07:44:06', '0000-00-00 00:00:00', '0000-00-00 00:00:00'),
(43, 'sdssfdf@gmail.com', 'df300fbfe0f892a2ba714186b200bf3f9023f3a0', '2023-10-27 07:44:56', '0000-00-00 00:00:00', '0000-00-00 00:00:00'),
(44, 'christian@gmail.com', '33d744dd35daa7dfdc9bf1294d7d42cec43b752f', '2023-10-31 09:15:37', '0000-00-00 00:00:00', '2023-11-02 09:47:02'),
(45, 'test123@gmail.com', '33d744dd35daa7dfdc9bf1294d7d42cec43b752f', '2023-11-02 09:51:38', '0000-00-00 00:00:00', '0000-00-00 00:00:00');

-- --------------------------------------------------------

--
-- Table structure for table `user_profiles`
--

CREATE TABLE `user_profiles` (
  `id` int(11) NOT NULL,
  `user_id` int(11) NOT NULL,
  `name` varchar(200) NOT NULL,
  `image` text NOT NULL,
  `gender` varchar(200) NOT NULL,
  `hubby` text NOT NULL,
  `age` int(11) NOT NULL,
  `birthdate` datetime NOT NULL,
  `created_at` datetime NOT NULL,
  `updated_at` datetime NOT NULL
) ENGINE=InnoDB DEFAULT CHARSET=utf8mb4 COLLATE=utf8mb4_general_ci;

--
-- Dumping data for table `user_profiles`
--

INSERT INTO `user_profiles` (`id`, `user_id`, `name`, `image`, `gender`, `hubby`, `age`, `birthdate`, `created_at`, `updated_at`) VALUES
(4, 8, 'Jayson Lim Jadraque ', 'fdc.jaysonj.png', 'Male', 'Lorem Ipsum is simply dummy text of the printing and typesetting industry. Lorem Ipsum has been the industry\'s standard dummy text ever since the 1500s, when an unknown printer took a galley of type and scrambled it to make a type specimen book. It has survived not only five centuries, but also the leap into electronic typesetting, remaining essentially unchanged. It was popularised in the 1960s with the release of Letraset sheets containing Lorem Ipsum passages, and more recently with desktop publishing software like Aldus PageMaker including versions of Lorem Ipsum.', 24, '2021-02-01 00:00:00', '0000-00-00 00:00:00', '0000-00-00 00:00:00'),
(5, 9, 'Jayson Jadraque', '', '', '', 0, '0000-00-00 00:00:00', '0000-00-00 00:00:00', '0000-00-00 00:00:00'),
(6, 10, 'dsfdsfsdf', '', '', '', 0, '0000-00-00 00:00:00', '0000-00-00 00:00:00', '0000-00-00 00:00:00'),
(7, 11, 'dsfdsfsdf', '', '', '', 0, '0000-00-00 00:00:00', '0000-00-00 00:00:00', '0000-00-00 00:00:00'),
(8, 12, 'a', '', '', '', 0, '0000-00-00 00:00:00', '0000-00-00 00:00:00', '0000-00-00 00:00:00'),
(9, 13, 'qwq', '', '', '', 0, '0000-00-00 00:00:00', '0000-00-00 00:00:00', '0000-00-00 00:00:00'),
(10, 14, 'dd', '', '', '', 0, '0000-00-00 00:00:00', '0000-00-00 00:00:00', '0000-00-00 00:00:00'),
(11, 15, '1', '', '', '', 0, '0000-00-00 00:00:00', '0000-00-00 00:00:00', '0000-00-00 00:00:00'),
(12, 16, 'qq', '', '', '', 0, '0000-00-00 00:00:00', '0000-00-00 00:00:00', '0000-00-00 00:00:00'),
(13, 17, 'ee', '', '', '', 0, '0000-00-00 00:00:00', '0000-00-00 00:00:00', '0000-00-00 00:00:00'),
(14, 18, 'Jayson Jadraque 11', '', '', '', 0, '0000-00-00 00:00:00', '0000-00-00 00:00:00', '0000-00-00 00:00:00'),
(15, 19, 'ewrewrwerewr', '', '', '', 0, '0000-00-00 00:00:00', '0000-00-00 00:00:00', '0000-00-00 00:00:00'),
(16, 20, 'dsfdsfsdfsdfds', '', '', '', 0, '0000-00-00 00:00:00', '0000-00-00 00:00:00', '0000-00-00 00:00:00'),
(17, 21, 'fsfdsfsd', '', '', '', 0, '0000-00-00 00:00:00', '0000-00-00 00:00:00', '0000-00-00 00:00:00'),
(18, 22, 'sdfsdfsdsfds', '', '', '', 0, '0000-00-00 00:00:00', '0000-00-00 00:00:00', '0000-00-00 00:00:00'),
(23, 26, 'Jessa May Jadraque', 'jessa.JPG', 'Female', 'Test', 0, '2023-10-04 00:00:00', '0000-00-00 00:00:00', '0000-00-00 00:00:00'),
(24, 33, 'test123', '', '', '', 0, '0000-00-00 00:00:00', '0000-00-00 00:00:00', '0000-00-00 00:00:00'),
(25, 42, 'testest', '', '', '', 0, '0000-00-00 00:00:00', '0000-00-00 00:00:00', '0000-00-00 00:00:00'),
(26, 43, 'sdxvcxvcx', 'sdssfdf.png', 'Male', 'Test', 0, '2023-10-09 00:00:00', '0000-00-00 00:00:00', '0000-00-00 00:00:00'),
(27, 44, 'Dan Christian Lim', 'christian.jpg', 'Male', 'Nothing', 0, '2022-01-25 00:00:00', '0000-00-00 00:00:00', '0000-00-00 00:00:00'),
(28, 45, 'test test', '', '', '', 0, '0000-00-00 00:00:00', '0000-00-00 00:00:00', '0000-00-00 00:00:00');

--
-- Indexes for dumped tables
--

--
-- Indexes for table `deleted_messages`
--
ALTER TABLE `deleted_messages`
  ADD PRIMARY KEY (`id`);

--
-- Indexes for table `messages`
--
ALTER TABLE `messages`
  ADD PRIMARY KEY (`id`);

--
-- Indexes for table `users`
--
ALTER TABLE `users`
  ADD PRIMARY KEY (`id`);

--
-- Indexes for table `user_profiles`
--
ALTER TABLE `user_profiles`
  ADD PRIMARY KEY (`id`);

--
-- AUTO_INCREMENT for dumped tables
--

--
-- AUTO_INCREMENT for table `deleted_messages`
--
ALTER TABLE `deleted_messages`
  MODIFY `id` int(11) NOT NULL AUTO_INCREMENT, AUTO_INCREMENT=78;

--
-- AUTO_INCREMENT for table `messages`
--
ALTER TABLE `messages`
  MODIFY `id` int(11) NOT NULL AUTO_INCREMENT, AUTO_INCREMENT=214;

--
-- AUTO_INCREMENT for table `users`
--
ALTER TABLE `users`
  MODIFY `id` int(11) NOT NULL AUTO_INCREMENT, AUTO_INCREMENT=46;

--
-- AUTO_INCREMENT for table `user_profiles`
--
ALTER TABLE `user_profiles`
  MODIFY `id` int(11) NOT NULL AUTO_INCREMENT, AUTO_INCREMENT=29;
COMMIT;

/*!40101 SET CHARACTER_SET_CLIENT=@OLD_CHARACTER_SET_CLIENT */;
/*!40101 SET CHARACTER_SET_RESULTS=@OLD_CHARACTER_SET_RESULTS */;
/*!40101 SET COLLATION_CONNECTION=@OLD_COLLATION_CONNECTION */;
